county,zip code,city
Stoddard,63960,Acornridge
Adair,63533,Adair
Bates,64720,Adrian
Stoddard,63730,Advance
Saint Louis,63123,Affton
Buchanan,64401,Agency
Jasper,64830,Alba
Gentry,64402,Albany
Polk,65601,Aldrich
Clark,63430,Alexandria
Madison,63655,Allbright
Worth,64420,Allendale
Saint Louis,63001,Allenton
Scott,63740,Allenville
Shannon,65466,Alley Springs
Lafayette,64001,Alma
Daviess,64620,Altamont
Cape Girardeau,63732,Altenburg
Oregon,65606,Alton
Andrew,64421,Amazonia
Montgomery,65069,Americus
Dekalb,64422,Amity
Bates,64722,Amoret
Bates,64723,Amsterdam
Macon,63431,Anabel
McDonald,64831,Anderson
Pike,63330,Annada
Iron,63620,Annapolis
Mississippi,63820,Anniston
Jefferson,63052,Antonia
Dent,65540,Anutt
Cape Girardeau,63769,Apple Creek
Saint Clair,64724,Appleton City
Bollinger,63787,Arab
Scotland,63432,Arbela
Scotland,63442,Arbela
Scott,63740,Arbor
Dunklin,63821,Arbyrd
Iron,63621,Arcadia
Cass,64725,Archie
Dade,65603,Arcola
Macon,65247,Ardmore
Osage,65001,Argyle
Howard,65230,Armstrong
Jefferson,63010,Arnold
Newton,64844,Aroma
Saline,65320,Arrow Rock
Barton,64832,Asbury
Monroe,65263,Ash
Greene,65604,Ash Grove
Pike,63433,Ashburn
Stoddard,63960,Asherville
Boone,65010,Ashland
Clark,63453,Ashton
Clark,63465,Athens
Macon,63530,Atlanta
Lincoln,63343,Auburn
Saint Charles,63332,Augusta
Lafayette,64037,Aullville
Lawrence,65605,Aurora
Miller,65026,Aurora Springs
Cass,64725,Austin
Callaway,65231,Auxvasse
Douglas,65608,Ava
Livingston,64601,Avalon
Jasper,64833,Avilla
Clay,64117,Avondale
Osage,65058,Babbtown
Osage,65085,Babbtown
Callaway,65231,Bachelor
Miller,65026,Bagnell
Pettis,65350,Bahner
Sullivan,63556,Bairdtown
Ozark,65609,Bakersfield
Saint Louis,63011,Ballwin
Saint Louis,63021,Ballwin
Saint Louis,63022,Ballwin
Saint Louis,63024,Ballwin
Knox,63531,Baring
Nodaway,64423,Barnard
Macon,63530,Barnesville
Morgan,65011,Barnett
Jefferson,63012,Barnhart
Lafayette,64011,Bates City
Greene,65619,Battlefield
Pettis,65350,Beaman
Franklin,63013,Beaufort
Saint Louis,63121,Bel Nor
Saint Louis,63121,Bel Ridge
Washington,63622,Belgrade
Stoddard,63735,Bell City
Saint Louis,63125,Bella Villa
Maries,65013,Belle
Jasper,64801,Belle Center
Saint Louis,63137,Bellefontaine Neighbors
Saint Louis,63121,Bellerive
Iron,63623,Belleview
Montgomery,63333,Bellflower
Cass,64012,Belton
Gasconade,65066,Bem
Texas,65433,Bendavis
Ripley,63931,Bennett
Scott,63736,Benton
Audrain,65232,Benton City
Franklin,63014,Berger
Saint Louis,63134,Berkeley
Saint Louis,63140,Berkeley
Stoddard,63822,Bernie
Crawford,65565,Berryman
Mississippi,63823,Bertrand
Lawrence,65723,Berwick
Harrison,64424,Bethany
Shelby,63434,Bethel
Phelps,65436,Beulah
Saint Louis,63121,Beverly Hills
Macon,63532,Bevier
Knox,63531,Bible Grove
Perry,63775,Biehle
Madison,63655,Big Creek
Phelps,65550,Big Piney
Montgomery,63363,Big Springs
Holt,64437,Bigelow
Christian,65610,Billings
Cooper,65233,Billingsville
Shannon,65438,Birch Tree
Clay,64161,Birmingham
Saint Francois,63624,Bismarck
Iron,65439,Bixby
Reynolds,63625,Black
Saint Louis,63033,Black Jack
Saint Charles,63301,Black Walnut
Saline,65321,Blackburn
Cooper,65322,Blackwater
Saint Francois,63626,Blackwell
Henry,64726,Blairstown
Gasconade,65014,Bland
Gasconade,65062,Bland
Scott,63824,Blodgett
Stoddard,63825,Bloomfield
Sainte Genevieve,63627,Bloomsdale
Stone,65611,Blue Eye
Jackson,64013,Blue Springs
Jackson,64014,Blue Springs
Jackson,64015,Blue Springs
Montgomery,65069,Bluffton
Harrison,64426,Blythedale
New Madrid,63873,Boekerton
Carroll,64622,Bogard
Greene,65612,Bois D Arc
Andrew,64427,Bolckow
Polk,65613,Bolivar
Polk,65727,Bolivar
Saint Francois,63628,Bonne Terre
Osage,65016,Bonnots Mill
Howard,65250,Boonesboro
Cooper,65233,Boonville
Dent,65440,Boss
Carroll,64623,Bosworth
Newton,64844,Boulder City
Crawford,65441,Bourbon
Pike,63334,Bowling Green
Sullivan,63556,Boynton
Taney,65614,Bradleyville
Pemiscot,63827,Bragg City
Pemiscot,63826,Braggadocio
Camden,65786,Branch
Howell,65688,Brandsville
Taney,65615,Branson
Taney,65616,Branson
Stone,65737,Branson West
Adair,63533,Brashear
Caldwell,64624,Braymer
Perry,63737,Brazeau
Cole,65109,Brazito
Caldwell,64625,Breckenridge
Saint Louis,63114,Breckenridge Hills
Saint Louis,63144,Brentwood
Perry,63775,Brewer
Ripley,63931,Briar
Saint Louis,63044,Bridgeton
Saint Louis,63045,Bridgeton
Saint Louis,63044,Bridgeton Terrace
Polk,65617,Brighton
Harrison,64642,Brimson
Maries,65443,Brinktown
Lincoln,63379,Briscoe
Ozark,65618,Brixey
Vernon,64728,Bronaugh
Linn,64628,Brookfield
Greene,65619,Brookline Station
Jasper,64836,Brooklyn Heights
Butler,63932,Broseley
Linn,64630,Browning
Christian,65610,Browns Spring
Boone,65202,Browns Station
Stoddard,63738,Brownwood
Miller,65017,Brumley
Christian,65620,Bruner
Chariton,65236,Brunswick
Gasconade,65066,Brush Creek
Madison,63655,Buckhorn
Pulaski,65583,Buckhorn
Linn,64631,Bucklin
Jackson,64016,Buckner
Texas,65444,Bucyrus
Montgomery,63361,Buell
Dallas,65622,Buffalo
Taney,65616,Bull Creek Village
Cooper,65237,Bunceton
Reynolds,63629,Bunker
Cape Girardeau,63739,Burfordville
Saint Louis,63135,Burke City
Nodaway,64428,Burlington Junction
Sullivan,63556,Bute
Bates,64730,Butler
Barry,65623,Butterfield
Chariton,65281,Bynumville
Maries,65013,Byron
Howell,65689,Cabool
Washington,63630,Cadet
Harrison,64632,Cainsville
Randolph,65239,Cairo
Washington,63631,Caledonia
Henry,65323,Calhoun
Moniteau,65018,California
Moniteau,65042,California
Macon,63534,Callao
Saint Louis,63135,Calverton Park
Callaway,65251,Calwood
Ray,64017,Camden
Platte,64018,Camden Point
Camden,65020,Camdenton
Clinton,64429,Cameron
Warren,63383,Camp Branch
Vernon,64772,Camp Clark
Dunklin,63933,Campbell
Franklin,63068,Campbellton
Franklin,63090,Campbellton
Gasconade,65014,Canaan
New Madrid,63828,Canalou
Lewis,63435,Canton
Stone,65624,Cape Fair
Cape Girardeau,63701,Cape Girardeau
Cape Girardeau,63702,Cape Girardeau
Cape Girardeau,63703,Cape Girardeau
Cedar,65607,Caplinger Mills
Saint Charles,63348,Cappeln
Lawrence,65707,Capps Creek
Dunklin,63829,Cardwell
Jasper,64834,Carl Junction
Callaway,65251,Carrington
Carroll,64633,Carrollton
Jasper,64835,Carterville
Jasper,64836,Carthage
Dunklin,63857,Caruth
Pemiscot,63830,Caruthersville
Jasper,64836,Carytown
Wayne,63632,Cascade
Gasconade,65041,Case
Barry,65623,Cassville
Barry,65625,Cassville
Franklin,63015,Catawissa
New Madrid,63833,Catron
Howell,65626,Caulfield
Callaway,65022,Cedar City
Webster,65746,Cedar Gap
Jefferson,63016,Cedar Hill
Dallas,65590,Cedar Ridge
Taney,65627,Cedarcreek
Moniteau,65046,Cedron
Ralls,63436,Center
Cole,65023,Centertown
Johnson,64019,Centerview
Reynolds,63633,Centerville
Jasper,64801,Central City
Boone,65240,Centralia
Christian,65629,Chadwick
Scott,63740,Chaffee
Lincoln,63369,Chain of Rocks
Osage,65024,Chamois
Schuyler,63535,Chariton
Saint Louis,63114,Charlack
Mississippi,63834,Charleston
Shelby,63437,Cherry Box
Crawford,65446,Cherryville
Saint Louis,63005,Chesterfield
Saint Louis,63006,Chesterfield
Saint Louis,63017,Chesterfield
Christian,65630,Chestnutridge
Carter,63965,Chicopee
Johnson,64733,Chilhowee
Livingston,64601,Chillicothe
Livingston,64635,Chula
Texas,65483,Clara
Shelby,63437,Clarence
Randolph,65243,Clark
Cooper,65233,Clarks Fork
Moniteau,65025,Clarksburg
Dekalb,64430,Clarksdale
Saint Louis,63005,Clarkson Valley
Saint Louis,63017,Clarkson Valley
Pike,63336,Clarksville
Dunklin,63837,Clarkton
Marion,63401,Clay
Clay,64119,Claycomo
Saint Louis,63105,Clayton
Saint Louis,63124,Clayton
Nodaway,64431,Clearmont
Sainte Genevieve,63670,Clearwater
Gasconade,65014,Cleavesville
Cass,64734,Cleveland
Christian,65631,Clever
Randolph,65244,Clifton Hill
Camden,65324,Climax Springs
Henry,64735,Clinton
Franklin,63090,Clover Bottom
Wayne,63934,Clubb
Nodaway,64432,Clyde
Schuyler,63535,Coatsville
Madison,63645,Cobalt City
Daviess,64636,Coffey
Sainte Genevieve,63670,Coffman
Wayne,63964,Coldwater
Benton,65325,Cole Camp
Macon,65247,College Mound
Saint Clair,64738,Collins
Knox,63531,Colony
Scotland,63563,Colony
Boone,65201,Columbia
Boone,65202,Columbia
Boone,65203,Columbia
Boone,65205,Columbia
Boone,65211,Columbia
Boone,65212,Columbia
Boone,65215,Columbia
Boone,65216,Columbia
Boone,65217,Columbia
Boone,65218,Columbia
Boone,65299,Columbia
Scott,63742,Commerce
Nodaway,64433,Conception
Nodaway,64434,Conception Junction
Lafayette,64020,Concordia
Adair,63559,Connelsville
New Madrid,63838,Conran
Laclede,65632,Conway
Crawford,65449,Cook Station
Gasconade,65014,Cooper Hill
Pemiscot,63839,Cooter
Sullivan,63556,Cora
Lafayette,64021,Corder
Holt,64437,Corning
Reynolds,63633,Corridon
Lincoln,63377,Corso
Andrew,64436,Cosby
Saint Charles,63338,Cottleville
Cooper,65237,Cotton
Pemiscot,63830,Cottonwood Point
Oregon,65690,Couch
Saint Louis,63136,Country Club Hills
Crawford,65565,Courtois
Caldwell,64637,Cowgill
Holt,64437,Craig
Stone,65633,Crane
Henry,64739,Creighton
Saint Louis,63025,Crescent
Saint Louis,63126,Crestwood
Saline,65351,Cretcher
Saint Louis,63141,Creve Coeur
Pulaski,65452,Crocker
Hickory,65634,Cross Timbers
Perry,63775,Crosstown
Jefferson,63019,Crystal City
Saint Louis,63131,Crystal Lake Park
Clay,64024,Crystal Lakes
Crawford,65453,Cuba
Pike,63339,Curryville
Pike,63334,Cyrene
Dade,65635,Dadeville
Cape Girardeau,63743,Daisy
Chariton,65246,Dalton
Saint Clair,64776,Damascus
Montgomery,63361,Danville
Saint Charles,63366,Dardenne
Saint Charles,63366,Dardenne Prairie
Randolph,65259,Darksville
Gentry,64438,Darlington
Lincoln,63379,Davis
Crawford,65456,Davisville
Livingston,64638,Dawn
Buchanan,64440,De Kalb
Jefferson,63020,De Soto
Carroll,64639,De Witt
Platte,64439,Dearborn
Henry,64740,Deepwater
Boone,65201,Deer Park
Lewis,63447,Deer Ridge
Vernon,64741,Deerfield
Pemiscot,63840,Deering
Saint Charles,63341,Defiance
Saint Louis,63135,Dellwood
Saint Louis,63136,Dellwood
Cape Girardeau,63744,Delta
Worth,64441,Denver
Iron,63636,Des Arc
Saint Louis,63122,Des Peres
Saint Louis,63131,Des Peres
Saint Francois,63601,Desloge
Jefferson,63020,Desoto
Franklin,63068,Detmold
Pulaski,65457,Devils Elbow
Stoddard,63841,Dexter
Newton,64840,Diamond
Mississippi,63834,Diehlstadt
Webster,65636,Diggins
Franklin,63068,Dissen
Jefferson,63023,Dittmer
Callaway,65063,Dixie
Pulaski,65459,Dixon
Saint Francois,63637,Doe Run
Ripley,63935,Doniphan
Ozark,65637,Dora
Dent,65560,Doss
Lafayette,64022,Dover
Schuyler,63536,Downing
Gasconade,65066,Drake
Pettis,65301,Dresden
Bates,64742,Drexel
Douglas,65638,Drury
Stoddard,63936,Dudley
Jasper,64841,Duenweg
Ozark,65761,Dugginsville
Phelps,65461,Duke
Shelby,63437,Duncans Bridge
Saline,65351,Dunksburg
Polk,65640,Dunnegan
Jasper,64801,Duquesne
Lewis,63438,Durham
Cape Girardeau,63745,Dutchtown
Warren,63342,Dutzow
Barry,65641,Eagle Rock
Harrison,64442,Eagleville
Saint Louis,63045,Earth City
Boone,65203,Easley
Cass,64743,East Lynne
Mississippi,63845,East Prairie
Buchanan,64443,Easton
Carter,63965,Eastwood
Macon,63530,Economy
Phelps,65462,Edgar Springs
Platte,64444,Edgerton
Knox,63537,Edina
Saint Louis,63134,Edmundson
Benton,65326,Edwards
Cedar,64744,El Dorado Springs
Miller,65026,Eldon
Morgan,65072,Eldon
Laclede,65463,Eldridge
Texas,65464,Elk Creek
Christian,65753,Elkhead
Warren,63383,Elkhorn
Boone,65201,Elkhurst
Dallas,65644,Elkland
Reynolds,63638,Ellington
Texas,65444,Ellis Prairie
Saint Louis,63011,Ellisville
Saint Louis,63021,Ellisville
Saint Louis,63038,Ellisville
Carter,63937,Ellsinore
Macon,63538,Elmer
Ray,64062,Elmira
Nodaway,64445,Elmo
Saline,65321,Elmwood
Lincoln,63343,Elsberry
Cole,65109,Elston
Saint Francois,63601,Elvins
Marion,63461,Ely
Shelby,63439,Emden
Shannon,65466,Eminence
Lafayette,65327,Emma
Cole,65074,Enon
Pike,63344,Eolia
Miller,65082,Equality
Lafayette,64020,Ernestville
Stoddard,63846,Essex
Saint Francois,63601,Esther
Howard,65274,Estill
Macon,63539,Ethel
Lincoln,63369,Ethlyn
Franklin,63014,Etlah
Miller,65031,Etterville
Polk,65645,Eudora
Cole,65032,Eugene
Texas,65468,Eunice
Saint Louis,63025,Eureka
Texas,65552,Evening Shade
Dade,65646,Everton
Lewis,63440,Ewing
Macon,65247,Excello
Clay,64024,Excelsior Estates
Clay,64024,Excelsior Springs
Barry,65647,Exeter
Butler,63938,Fagus
Greene,65648,Fair Grove
Polk,65649,Fair Play
Ripley,63939,Fairdealing
Atchison,64446,Fairfax
Clark,63474,Fairmont
Dekalb,64447,Fairport
Newton,64842,Fairview
Wright,65470,Falcon
Audrain,63345,Farber
Platte,64028,Farley
Saint Francois,63640,Farmington
Perry,63746,Farrar
Buchanan,64448,Faucett
Howard,65248,Fayette
Saint Charles,63332,Femme Osage
Saint Louis,63026,Fenton
Saint Louis,63099,Fenton
Saint Louis,63135,Ferguson
Saint Louis,63136,Ferguson
Saint Louis,63145,Ferguson
Platte,64163,Ferrelview
Jefferson,63028,Festus
Jasper,64836,Fidelity
Andrew,64449,Fillmore
Jasper,64804,Joplin
Christian,65721,Finley
Butler,63940,Fisk
Saint Francois,63601,Flat River
Saint Francois,63653,Flat River
Polk,65650,Flemington
Jefferson,63030,Fletcher
Saint Charles,63346,Flinthill
Saint Louis,63136,Flordell Hills
Morgan,65329,Florence
Monroe,65283,Florida
Saint Louis,63031,Florissant
Saint Louis,63032,Florissant
Saint Louis,63033,Florissant
Saint Louis,63034,Florissant
Lincoln,63347,Foley
Osage,65085,Folk
Webster,65652,Fordland
Holt,64451,Forest City
Chariton,65281,Forest Green
Knox,63446,Forest Springs
Saint Charles,63348,Foristell
Taney,65653,Forsyth
Pulaski,65473,Fort Leonard Wood
Jackson,64088,Fort Osage
Holt,64437,Fortescue
Moniteau,65034,Fortuna
Bates,64745,Foster
Camden,65049,Four Seasons
Saint Francois,63601,Frankclay
Osage,65016,Frankenstein
Pike,63441,Frankford
Howard,65250,Franklin
Gasconade,65061,Fredericksburg
Madison,63645,Fredericktown
Dunklin,63837,Freeborn
Osage,65035,Freeburg
Osage,65024,Freedom
Cass,64746,Freeman
Lawrence,65654,Freistatt
Carter,63941,Fremont
Saint Francois,63036,French Village
Cape Girardeau,63747,Friedheim
Benton,65355,Fristoe
Perry,63748,Frohna
Saint Louis,63131,Frontenac
Callaway,65251,Fulton
Ozark,65655,Gainesville
Stone,65624,Galena
Stone,65656,Galena
Daviess,64640,Gallatin
Hickory,65779,Galmey
Grundy,64641,Galt
Montgomery,63333,Gamma
Cass,64747,Garden City
Christian,65657,Garrison
Carter,63965,Garwood
Gasconade,65036,Gasconade
Gasconade,65061,Gasconade
Ripley,63942,Gatewood
Gentry,64453,Gentry
Gentry,64402,Gentryville
Pettis,65301,Georgetown
Franklin,63037,Gerald
Adair,63540,Gibbs
Dunklin,63847,Gibson
New Madrid,63848,Gideon
Saline,65330,Gilliam
Harrison,64642,Gilman City
Saint Charles,63385,Gilmore
Bollinger,63750,Gipsy
Dent,65560,Gladden
Clay,64116,Gladstone
Clay,64118,Gladstone
Clay,64119,Gladstone
Clay,64155,Gladstone
Clay,64156,Gladstone
Clay,64165,Gladstone
Clay,64166,Gladstone
Howard,65254,Glasgow
Saint Louis,63137,Glasgow Village
Bollinger,63751,Glenallen
Saint Louis,63038,Glencoe
Saint Louis,63122,Glendale
Morgan,65084,Glensted
Schuyler,63541,Glenwood
Iron,63646,Glover
Pemiscot,63849,Gobler
Macon,63539,Goldberry
Barry,65658,Golden
Barton,64748,Golden City
Macon,63539,Goldsberry
Cooper,65233,Gooch Mill
Saint Louis City,63120,Goodfellow Terrace
Iron,63623,Goodland
McDonald,64843,Goodman
Polk,65659,Goodson
Cape Girardeau,63701,Gordonville
Cape Girardeau,63752,Gordonville
Scotland,63543,Gorin
Monroe,65275,Goss
Cooper,65068,Gouch Mill
Clinton,64454,Gower
Wright,65660,Graff
Nodaway,64455,Graham
Jackson,64029,Grain Valley
Newton,64844,Granby
Jasper,64801,Grand Falls
Saline,65339,Grand Pass
Carter,63943,Grandin
Jackson,64030,Grandview
Scotland,63442,Granger
Worth,64456,Grant City
Monroe,65275,Granville
Bollinger,63753,Grassy
Madison,63655,Gravelton
Morgan,65037,Gravois Mills
Morgan,65038,Gravois Mills
Franklin,63039,Gray Summit
Stoddard,63850,Grayridge
Lawrence,65707,Grays Point
Putnam,63565,Graysville
Sullivan,63544,Green Castle
Sullivan,63545,Green City
Ralls,63462,Green Lawn
Pettis,65332,Green Ridge
Stoddard,63730,Greenbrier
Saint Louis,63133,Greendale
Dade,65661,Greenfield
Knox,63531,Greensburg
Adair,63546,Greentop
Camden,65020,Greenview
Wayne,63944,Greenville
Jackson,64034,Greenwood
Taney,65616,Gretna
Texas,65464,Grogan
Saint Louis,63040,Grover
Wright,65662,Grovespring
Franklin,63041,Grubville
Nodaway,64457,Guilford
Saint Louis,63005,Gumbo
Cass,64747,Gunn City
Callaway,65063,Guthrie
Shelby,63437,Hagars Grove
Camden,65020,Hahatonka
Carroll,64643,Hale
Polk,65663,Half Way
Boone,65255,Hallsville
Lawrence,65664,Halltown
Caldwell,64644,Hamilton
Callaway,65251,Hams Prairie
Saint Louis,63133,Hanley Hills
Marion,63401,Hannibal
Ozark,65666,Hardenville
Ray,64035,Hardin
Boone,65201,Harg
Sullivan,64645,Harris
Boone,65256,Harrisburg
Cass,64701,Harrisonville
Newton,64865,Hart
Boone,65039,Hartsburg
Texas,65479,Hartshorn
Wright,65667,Hartville
Henry,64788,Hartwell
Saint Charles,63303,Harvester
Butler,63945,Harviell
Vernon,64750,Harwood
Monroe,63456,Hassard
Benton,65326,Hastain
Harrison,64458,Hatfield
Callaway,65231,Hatton
Lincoln,63349,Hawk Point
Pulaski,65459,Hayden
Pemiscot,63851,Hayti
Pemiscot,63851,Hayti Heights
New Madrid,63873,Hayward
Scott,63736,Haywood City
Scott,63771,Haywood City
Saint Louis,63042,Hazelwood
Saint Louis,63043,Hazelwood
Saint Louis,63044,Hazelwood
Saint Louis,63045,Hazelwood
Saint Louis,63135,Hazelwood
Andrew,64459,Helena
Jefferson,63047,Hematite
Dekalb,64490,Hemple
Cole,65040,Henley
Ray,64036,Henrietta
Jefferson,63048,Herculaneum
Gasconade,65041,Hermann
Hickory,65668,Hermitage
Cole,65040,Hickory Hill
Randolph,65257,Higbee
Lafayette,64037,Higginsville
Phelps,65559,High Gate
Montgomery,63350,High Hill
Moniteau,65042,High Point
Jefferson,63049,High Ridge
Perry,63775,Highland
Christian,65669,Highlandville
Jefferson,63050,Hillsboro
Boone,65202,Hinton
Wayne,63947,Hiram
Lawrence,65712,Hoberg
Saint Louis,63025,Hoene Spring
Dunklin,63852,Holcomb
Johnson,64040,Holden
Pemiscot,63853,Holland
Monroe,65258,Holliday
Taney,65672,Hollister
Taney,65673,Hollister
Clay,64048,Holt
Callaway,65043,Holts Summit
Clay,64024,Homestead Village
Pemiscot,63879,Homestown
Cole,65101,Honey Creek
Gasconade,65061,Hope
Washington,63660,Hopewell
Nodaway,64461,Hopkins
Jefferson,63070,Horine
Dunklin,63855,Hornersville
Newton,64865,Hornet
Vernon,64751,Horton
Carter,63965,House Creek
Jefferson,63051,House Springs
Texas,65483,Houston
Platte,64151,Houston Lake
Pettis,65333,Houstonia
New Madrid,63869,Howardville
Texas,65484,Huggins
Pettis,65334,Hughesville
Camden,65052,Hugo
Polk,65674,Humansville
Bates,64752,Hume
Sullivan,64646,Humphreys
Shelby,63443,Hunnewell
Marion,63401,Huntington
Saint Louis,63131,Huntleigh
Boone,65203,Huntsdale
Randolph,65259,Huntsville
Knox,63547,Hurdland
Stone,65675,Hurley
Barton,64759,Iantha
Miller,65486,Iberia
Marion,63401,Ilasco
Jefferson,63052,Imperial
Jefferson,63053,Imperial
Jackson,64050,Independence
Jackson,64051,Independence
Jackson,64052,Independence
Jackson,64053,Independence
Jackson,64054,Independence
Jackson,64055,Independence
Jackson,64056,Independence
Jackson,64057,Independence
Jackson,64058,Independence
Monroe,63456,Indian Creek
Chariton,65236,Indian Grove
Shannon,65466,Ink
Warren,63390,Innsbrook
Benton,65335,Ionia
Jasper,64801,Iron Gates
Iron,63650,Iron Mountain
Washington,63648,Irondale
Iron,63650,Ironton
Barton,64759,Irwin
Ozark,65676,Isabella
Cape Girardeau,63755,Jackson
Randolph,65260,Jacksonville
Dent,65501,Jadwin
Daviess,64647,Jameson
Daviess,64648,Jamesport
Moniteau,65046,Jamestown
McDonald,64856,Jane
Franklin,63080,Japan
Jasper,64755,Jasper
Cole,65101,Jefferson City
Cole,65102,Jefferson City
Cole,65103,Jefferson City
Cole,65104,Jefferson City
Cole,65105,Jefferson City
Cole,65106,Jefferson City
Cole,65107,Jefferson City
Cole,65108,Jefferson City
Cole,65109,Jefferson City
Cole,65110,Jefferson City
Cole,65111,Jefferson City
Lawrence,65605,Jenkins
Saint Louis,63136,Jennings
Cedar,64756,Jerico Springs
Phelps,65529,Jerome
Montgomery,63351,Jonesburg
Jasper,64801,Joplin
Jasper,64802,Joplin
Jasper,64803,Joplin
Saint Charles,63385,Josephville
Madison,63645,Junction City
Clark,63445,Kahoka
Miller,65047,Kaiser
Saint Charles,63301,Kampville
Saint Charles,63301,Kampville Beach
Saint Charles,63301,Kampville Court
Jackson,64101,Kansas City
Jackson,64102,Kansas City
Jackson,64105,Kansas City
Jackson,64106,Kansas City
Jackson,64108,Kansas City
Jackson,64109,Kansas City
Jackson,64110,Kansas City
Jackson,64111,Kansas City
Jackson,64112,Kansas City
Jackson,64113,Kansas City
Jackson,64114,Kansas City
Clay,64116,Kansas City
Clay,64117,Kansas City
Clay,64118,Kansas City
Clay,64119,Kansas City
Jackson,64120,Kansas City
Jackson,64121,Kansas City
Jackson,64123,Kansas City
Jackson,64124,Kansas City
Jackson,64125,Kansas City
Jackson,64126,Kansas City
Jackson,64127,Kansas City
Jackson,64128,Kansas City
Jackson,64129,Kansas City
Jackson,64130,Kansas City
Jackson,64131,Kansas City
Jackson,64132,Kansas City
Jackson,64133,Kansas City
Jackson,64134,Kansas City
Jackson,64136,Kansas City
Jackson,64137,Kansas City
Jackson,64138,Kansas City
Jackson,64139,Kansas City
Jackson,64141,Kansas City
Jackson,64142,Kansas City
Clay,64144,Kansas City
Jackson,64145,Kansas City
Jackson,64146,Kansas City
Jackson,64147,Kansas City
Jackson,64148,Kansas City
Jackson,64149,Kansas City
Platte,64150,Kansas City
Platte,64151,Kansas City
Platte,64152,Kansas City
Platte,64153,Kansas City
Platte,64154,Kansas City
Clay,64155,Kansas City
Clay,64156,Kansas City
Clay,64157,Kansas City
Clay,64158,Kansas City
Clay,64160,Kansas City
Clay,64161,Kansas City
Platte,64163,Kansas City
Platte,64164,Kansas City
Clay,64165,Kansas City
Clay,64166,Kansas City
Clay,64167,Kansas City
Platte,64168,Kansas City
Jackson,64170,Kansas City
Jackson,64171,Kansas City
Jackson,64172,Kansas City
Jackson,64173,Kansas City
Jackson,64179,Kansas City
Jackson,64180,Kansas City
Jackson,64183,Kansas City
Jackson,64184,Kansas City
Jackson,64185,Kansas City
Jackson,64187,Kansas City
Clay,64188,Kansas City
Jackson,64189,Kansas City
Platte,64190,Kansas City
Jackson,64191,Kansas City
Jackson,64192,Kansas City
Jackson,64193,Kansas City
Jackson,64194,Kansas City
Platte,64195,Kansas City
Jackson,64196,Kansas City
Jackson,64197,Kansas City
Jackson,64198,Kansas City
Jackson,64199,Kansas City
Jackson,64944,Kansas City
Jackson,64999,Kansas City
Clay,64117,Kansas City North
Macon,63534,Kaseyville
Clay,64060,Kearney
Scott,63758,Kelso
Jasper,64836,Kendricktown
Dunklin,63857,Kennett
Knox,63547,Kenwood
Macon,63532,Keota
New Madrid,63860,Kewanee
Chariton,65261,Keytesville
Caldwell,64649,Kidder
Stone,65686,Kimberling City
Jefferson,63053,Kimmswick
Stoddard,63960,Kinder
Gentry,64463,King City
Callaway,65262,Kingdom City
Caldwell,64650,Kingston
Johnson,64061,Kingsville
Saint Louis,63140,Kinloch
Taney,65679,Kirbyville
Adair,63501,Kirksville
Saint Louis,63122,Kirkwood
Taney,65680,Kissee Mills
Moniteau,65018,Kliever
Saint Francois,63651,Knob Lick
Johnson,65305,Knob Noster
Johnson,65336,Knob Noster
Knox,63446,Knox City
Osage,65048,Koeltztown
Maries,65013,Koenig
Oregon,65692,Koshkonong
Lewis,63447,La Belle
Lewis,63448,La Grange
Pettis,65337,La Monte
Macon,63549,La Plata
Lawrence,64848,La Russell
Franklin,63055,Labadie
Linn,64651,Laclede
Audrain,63352,Laddonia
Saint Louis,63124,Ladue
Camden,65065,Laguna Beach
Jefferson,63016,Lake Adelle
Cass,64746,Lake Annette
Saint Louis,63040,Lake Chesterfield
Sainte Genevieve,63670,Lake Forest
Lafayette,64076,Lake Lafayette
Jackson,64063,Lake Lotawana
Jackson,64086,Lake Lotawana
Camden,65049,Lake Ozark
Saint Charles,63367,Lake Saint Louis
Warren,63357,Lake Sherwood
Dent,65532,Lake Spring
Jackson,64015,Lake Tapawingo
Daviess,64640,Lake Viking
Platte,64151,Lake Waukomis
Jackson,64034,Lake Winnebago
Miller,65026,Lakeland
Shelby,63468,Lakenan
Jasper,64801,Lakeside
Stone,65737,Lakeview
Benton,65338,Lakeview Heights
Barton,64759,Lamar
Scott,63736,Lambert
Saint Louis,63145,Lambert Airport
Cooper,65233,Lamine
Stone,65681,Lampe
McDonald,64847,Lanagan
Schuyler,63548,Lancaster
Maries,65013,Lanes Prairie
Atchison,64446,Langdon
Howell,65775,Lanton
Pulaski,65534,Laquey
Grundy,64652,Laredo
Moniteau,65050,Latham
Clinton,64465,Lathrop
Cass,64747,Latour
Morgan,65037,Laurie
Morgan,65038,Laurie
Ray,64062,Lawson
Saint Francois,63601,Leadington
Saint Francois,63653,Leadwood
Crawford,65535,Leasburg
Laclede,65536,Lebanon
Dent,65540,Lecoma
Jackson,64063,Lees Summit
Clark,63453,Luray
Jackson,64064,Lees Summit
Jackson,64065,Lees Summit
Jackson,64081,Lees Summit
Jackson,64082,Lees Summit
Jackson,64086,Lees Summit
Johnson,64761,Leeton
Saint Louis,63125,Lemay
Putnam,63565,Lemons
Dent,65541,Lenox
Shelby,63450,Lentner
Shelby,63451,Leonard
Bollinger,63760,Leopold
Franklin,63056,Leslie
Reynolds,63654,Lesterville
Jackson,64066,Levasy
Henry,65323,Lewis Station
Lewis,63452,Lewistown
Lafayette,64067,Lexington
Barton,64762,Liberal
Clay,64068,Liberty
Clay,64069,Liberty
Saint Francois,63640,Libertyville
Texas,65542,Licking
Montgomery,63333,Liege
Jefferson,63057,Liguori
New Madrid,63862,Lilbourn
Benton,65338,Lincoln
Boone,65202,Lindbergh
Webster,65742,Linden
Osage,65051,Linn
Camden,65052,Linn Creek
Linn,64653,Linneus
Perry,63775,Lithium
Putnam,63551,Livonia
Daviess,64654,Lock Springs
Dade,65682,Lockwood
Knox,63547,Locust Hill
Wayne,63950,Lodi
Cole,65053,Lohman
Cooper,65237,Lone Elm
Jackson,64070,Lone Jack
Franklin,63060,Lonedell
Dallas,65590,Long Lane
Ozark,65761,Longrun
Perry,63775,Longtown
Pettis,65301,Longwood
Pettis,65334,Longwood
Osage,65054,Loose Creek
Saint Louis City,63113,Louis
Dallas,65685,Louisburg
Pike,63353,Louisiana
Adair,63559,Low Ground
Wayne,63951,Lowndes
Saint Clair,64763,Lowry City
Putnam,64655,Lucerne
Livingston,64656,Ludlow
Franklin,63060,Luebbering
Franklin,63061,Luebbering
Moniteau,65046,Lupus
Bollinger,63764,Lutesville
Osage,65016,Luystown
Laclede,65543,Lynchburg
Franklin,63068,Lyon
Saint Charles,63373,Machens
Camden,65786,Macks Creek
Wright,65702,Macomb
Macon,63552,Macon
Monroe,65263,Madison
Ralls,63436,Madisonville
Holt,64466,Maitland
Dunklin,63863,Malden
Saline,65339,Malta Bend
Saint Louis,63011,Manchester
Saint Louis,63021,Manchester
Saint Louis,63088,Manchester
Wright,65711,Manes
Wright,65704,Mansfield
Jefferson,63065,Mapaville
Dent,65560,Maples
Saint Louis,63143,Maplewood
Bollinger,63764,Marble Hill
Linn,64658,Marceline
Cole,65023,Marion
Lawrence,65705,Marionville
Madison,63655,Marquand
Saline,65340,Marshall
Saline,65340,Marshall Junction
Webster,65706,Marshfield
New Madrid,63866,Marston
Warren,63357,Marthasville
Jackson,64147,Martin City
Audrain,65264,Martinsburg
Adair,63559,Martinstown
Putnam,63565,Martinstown
Harrison,64467,Martinsville
Taney,65616,Marvel Cave Park
Morgan,65084,Marvin
Lincoln,63369,Maryknoll
Saint Louis,63043,Maryland Heights
Cole,65032,Marys Home
Nodaway,64468,Maryville
Saint Charles,63341,Matson
New Madrid,63867,Matthews
Shelby,63437,Maud
Jefferson,63010,Maxville
Dekalb,64469,Maysville
Lafayette,64071,Mayview
Marion,63454,Maywood
Perry,63776,Mc Bride
Douglas,65701,Mc Clurg
Gentry,64657,Mc Fall
Wayne,63763,Mc Gee
Moniteau,65055,Mc Girk
Boone,65203,McBaine
Gentry,64657,McFall
Gasconade,65041,McKittrick
Linn,64659,Meadville
Clark,63445,Medill
Saint Louis,63129,Mehlville
Scotland,63555,Memphis
Chariton,64660,Mendon
Putnam,63565,Mendota
Mercer,64661,Mercer
Macon,63538,Mercyville
Taney,65740,Merriam Woods Village
Osage,65058,Meta
Vernon,64765,Metz
Audrain,65265,Mexico
Saline,65344,Miami
Iron,63656,Middle Brook
Monroe,65263,Middle Grove
Montgomery,63359,Middletown
Adair,63559,Midland
Boone,65202,Midway
Sullivan,63556,Milan
Taney,65679,Mildred
Barton,64766,Milford
Wayne,63952,Mill Spring
Adair,63501,Millard
Madison,63645,Millcreek
Lawrence,65707,Miller
Callaway,65251,Millersburg
Cape Girardeau,63766,Millersville
Lincoln,63377,Millwood
Vernon,64767,Milo
Taney,65679,Mincy
Barton,64769,Mindenmines
Madison,63645,Mine La Motte
Montgomery,63361,Mineola
Scott,63801,Miner
Washington,63660,Mineral Point
Osage,65024,Mint Hill
Caldwell,64671,Mirabile
Clay,64072,Missouri City
Randolph,65270,Moberly
Callaway,65059,Mokane
Saint Louis,63136,Moline Acres
Barry,65708,Monett
Marion,63401,Monkey Run
Monroe,63456,Monroe City
Montgomery,63361,Montgomery
Montgomery,63361,Montgomery City
Lewis,63457,Monticello
Shannon,65546,Montier
Camden,65591,Montreal
Henry,64770,Montrose
Johnson,65336,Montserrat
Howell,65777,Moody
Livingston,64664,Mooresville
Pettis,65345,Mora
New Madrid,63868,Morehouse
Jasper,64836,Morgan Heights
Scott,63767,Morley
Gasconade,65036,Morrison
Gasconade,65061,Morrison
Polk,65645,Morrisville
Polk,65710,Morrisville
Jefferson,63066,Morse Mill
Clay,64073,Mosby
Lincoln,63362,Moscow Mills
Franklin,63084,Moselle
Holt,64470,Mound City
Vernon,64771,Moundville
Benton,65325,Mount Hulda
Harrison,64481,Mount Moriah
Gasconade,65062,Mount Sterling
Lawrence,65712,Mount Vernon
Wright,65711,Mountain Grove
Howell,65548,Mountain View
Saint Louis,63026,Murphy
Boone,65202,Murry
Chariton,65261,Musselfork
Oregon,65778,Myrtle
Sullivan,63545,Mystic
Lafayette,64074,Napoleon
Saline,65340,Napton
Ripley,63953,Naylor
Wright,65470,Nebo
Jasper,64849,Neck City
Butler,63954,Neelyville
Saline,65347,Nelson
Newton,64850,Neosho
Newton,64853,Neosho
Vernon,64772,Nevada
Callaway,65063,New Bloomfield
Linn,63557,New Boston
Macon,63558,New Cambria
Montgomery,63363,New Florence
Howard,65274,New Franklin
Scott,63736,New Hamburg
Harrison,64471,New Hampton
Montgomery,63359,New Hartford
Franklin,63068,New Haven
Lincoln,63343,New Hope
Ralls,63459,New London
New Madrid,63869,New Madrid
Saint Charles,63365,New Melle
Sainte Genevieve,63661,New Offenburg
Lincoln,63381,New Truxton
Cape Girardeau,63732,New Wells
Knox,63458,Newark
Phelps,65550,Newburg
Newton,64853,Newtonia
Sullivan,64667,Newtown
Webster,65713,Niangua
Adair,63501,Nind
Christian,65714,Nixa
Ozark,65715,Noble
McDonald,64854,Noel
Carroll,64668,Norborne
Saint Louis,63121,Normandy
Saint Louis,63137,North County
Saint Louis,63138,North County
Clay,64116,North Kansas City
New Madrid,63862,North Lilbourn
Sullivan,63566,North Salem
Saint Louis,63121,Northwoods
Wright,65717,Norwood
Ozark,65762,Nottinghill
Knox,63460,Novelty
Adair,63559,Novinger
Macon,63532,Number Eight
Saint Charles,63366,O Fallon
Saint Charles,63367,O Fallon
Jackson,64075,Oak Grove
Cape Girardeau,63769,Oak Ridge
Saint Louis,63122,Oakland
Clay,64118,Oakview
Saint Louis,63129,Oakville
Reynolds,63625,Oates
Ozark,65761,Ocie
Lafayette,64076,Odessa
Saint Charles,63366,Ofallon
Lincoln,63379,Old Alexandria
Cape Girardeau,63770,Old Appleton
Benton,65355,Old Fredonia
Washington,63630,Old Mines
Lincoln,63369,Old Monroe
Gasconade,65014,Old Woolam
Gasconade,65066,Old Woollam
Christian,65720,Oldfield
Miller,65064,Olean
Saint Louis,63132,Olivette
Lincoln,63370,Olney
Jefferson,63020,Olympian Village
Scott,63771,Oran
Saint Charles,63301,Orchard Farm
Holt,64473,Oregon
Jasper,64855,Oronogo
Ray,64077,Orrick
Camden,65065,Osage Beach
Cole,65101,Osage Bend
Cole,65101,Osage Bluff
Cole,65101,Osage City
Dekalb,64474,Osborn
Saint Clair,64776,Osceola
Cooper,65348,Otterville
Jefferson,63052,Otto
Saint Louis,63114,Overland
Cooper,65233,Overton
Sullivan,63556,Owasco
Gasconade,65066,Owensville
Shannon,65466,Owls Bend
Ripley,63955,Oxly
Christian,65721,Ozark
Franklin,63055,Pacific
Franklin,63069,Pacific
Saint Louis,63133,Pagedale
Stoddard,63772,Painton
Texas,65552,Palace
Marion,63461,Palmyra
Benton,65338,Palopinto
Clay,64089,Paradise
Monroe,65275,Paris
Saint Francois,63601,Park Hills
Saint Francois,63653,Park Hills
Perry,63775,Parker Lake
Platte,64151,Parkville
Platte,64152,Parkville
New Madrid,63870,Parma
Nodaway,64475,Parnell
Saint Louis,63121,Pasadena Hills
Saint Louis,63121,Pasadena Park
Pemiscot,63871,Pascola
Bates,64777,Passaic
Wayne,63956,Patterson
Bollinger,63662,Patton
Daviess,64670,Pattonsburg
Maries,65013,Paydown
Pike,63336,Paynesville
Franklin,63080,Pea Ridge
Howell,65788,Peace Valley
New Madrid,63848,Peach Orchard
Clark,63465,Peaksville
Cass,64078,Peculiar
Warren,63383,Pendleton
Sullivan,63545,Pennville
Scott,63774,Perkins
Ralls,63462,Perry
Cape Girardeau,63747,Perryville
Perry,63775,Perryville
Perry,63776,Perryville
Perry,63783,Perryville
Gasconade,65061,Pershing
Howard,65250,Petersburg
Jefferson,63070,Pevely
Marion,63463,Philadelphia
Laclede,65722,Phillipsburg
Nodaway,64476,Pickering
Wayne,63957,Piedmont
Lawrence,65723,Pierce City
Boone,65201,Pierpont
Cooper,65276,Pilot Grove
Iron,63663,Pilot Knob
Saint Louis City,63120,Pine Lawn
McDonald,64856,Pineville
Cooper,65237,Pisgah
Hickory,65724,Pittsburg
Macon,63530,Plainview
Texas,65552,Plato
Platte,64079,Platte City
Platte,64151,Platte Woods
Clinton,64477,Plattsburg
Cass,64080,Pleasant Hill
Greene,65725,Pleasant Hope
Clay,64068,Pleasant Valley
Knox,63464,Plevna
Cape Girardeau,63779,Pocahontas
Taney,65726,Point Lookout
New Madrid,63873,Point Pleasant
Polk,65727,Polk
Sullivan,63560,Pollock
Caldwell,64671,Polo
Howell,65789,Pomona
Stone,65728,Ponce de Leon
Saint Louis,63038,Pond
Saint Louis,63040,Pond
Ozark,65729,Pontiac
Butler,63901,Poplar Bluff
Butler,63902,Poplar Bluff
Saint Charles,63373,Portage des Sioux
New Madrid,63873,Portageville
Callaway,65067,Portland
Washington,63664,Potosi
Howell,65790,Pottersville
McDonald,65730,Powell
Taney,65731,Powersite
Putnam,64672,Powersville
Ripley,63935,Poynor
Bates,64780,Prairie City
Chariton,65281,Prairie Hill
Cooper,65068,Prairie Home
Pike,63344,Prairieville
Boone,65202,Prathersville
Hickory,65732,Preston
Montgomery,63363,Prices Branch
Mercer,64673,Princeton
Jasper,64801,Prosperity
Taney,65733,Protem
Jasper,64857,Purcell
Linn,64674,Purdin
Barry,65734,Purdy
Adair,63559,Pure Air
Stoddard,63960,Puxico
Schuyler,63561,Queen City
Hickory,65735,Quincy
Nodaway,64478,Quitman
Butler,63938,Qulin
Butler,63961,Qulin
Newton,64858,Racine
Benton,65355,Racket
Scott,63740,Randles
Clay,64117,Randolph
Clay,64161,Randolph
Nodaway,64479,Ravenwood
Texas,65555,Raymondville
Cass,64083,Raymore
Jackson,64129,Raytown
Jackson,64133,Raytown
Jackson,64138,Raytown
Ray,64084,Rayville
Andrew,64480,Rea
Callaway,65067,Readsville
Gasconade,65014,Red Bird
Reynolds,63665,Redford
Jasper,64801,Redings Mill
Jasper,64859,Reeds
Stone,65737,Reeds Spring
Callaway,65077,Reform
Sullivan,63556,Reger
Randolph,65278,Renick
Marion,63401,Rensselaer
Greene,65738,Republic
Clark,63465,Revere
Reynolds,63666,Reynolds
Montgomery,65069,Rhineland
Osage,65035,Rich Fountain
Bates,64779,Rich Hill
Vernon,64778,Richards
Pulaski,65556,Richland
Ray,64085,Richmond
Saint Louis,63117,Richmond Heights
Washington,63071,Richwoods
Taney,65739,Ridgedale
Harrison,64481,Ridgeway
Boone,65284,Riggs
New Madrid,63874,Risco
Saint Francois,63601,Rivermines
Platte,64150,Riverside
Platte,64151,Riverside
Platte,64168,Riverside
Audrain,65265,Riversville
Oregon,65606,Riverton
Saint Louis,63137,Riverview
Dunklin,63875,Rives
Camden,65787,Roach
Howard,65230,Roanoke
Saint Louis,63042,Robertson
Franklin,63072,Robertsville
Texas,65557,Roby
Boone,65279,Rocheport
Saint Louis,63119,Rock Hill
Atchison,64482,Rock Port
Taney,65740,Rockaway Beach
Ozark,65741,Rockbridge
Scott,63740,Rockview
Bates,64780,Rockville
McDonald,64861,Rocky Comfort
Morgan,65072,Rocky Mount
Sainte Genevieve,63670,Rocky Ridge
Webster,65742,Rogersville
Phelps,65401,Rolla
Phelps,65402,Rolla
Phelps,65409,Rolla
Butler,63962,Rombauer
Phelps,65559,Rosati
Saint Clair,64781,Roscoe
Gasconade,63091,Rosebud
Iron,63650,Rosel
Andrew,64483,Rosendale
Chariton,64676,Rothville
Shannon,65466,Round Spring
Boone,65240,Rowena
Randolph,65243,Rucker
Taney,65744,Rueter
Audrain,65280,Rush Hill
Buchanan,64484,Rushville
Cole,65074,Russellville
Scotland,63563,Rutledge
Phelps,65559,Safe
Newton,64864,Saginaw
Benton,65326,Sagrada
Franklin,63073,Saint Albans
Saint Louis,63074,Saint Ann
Saint Louis,63074,Saint Anne
Linn,64628,Saint Catharine
Saint Charles,63301,Saint Charles
Saint Charles,63302,Saint Charles
Saint Charles,63303,Saint Charles
Saint Charles,63304,Saint Charles
Franklin,63077,Saint Clair
Pike,63334,Saint Clement
Miller,65075,Saint Elizabeth
Clark,63430,Saint Francisville
Phelps,65559,Saint James
Saint Louis,63114,Saint John
Buchanan,64501,Saint Joseph
Buchanan,64502,Saint Joseph
Buchanan,64503,Saint Joseph
Buchanan,64504,Saint Joseph
Buchanan,64505,Saint Joseph
Buchanan,64506,Saint Joseph
Buchanan,64507,Saint Joseph
Buchanan,64508,Saint Joseph
Saint Louis City,63101,Saint Louis
Saint Louis City,63102,Saint Louis
Saint Louis City,63103,Saint Louis
Saint Louis City,63104,Saint Louis
Saint Louis,63105,Saint Louis
Saint Louis City,63106,Saint Louis
Saint Louis City,63107,Saint Louis
Saint Louis City,63108,Saint Louis
Saint Louis City,63109,Saint Louis
Saint Louis City,63110,Saint Louis
Saint Louis City,63111,Saint Louis
Saint Louis City,63112,Saint Louis
Saint Louis City,63113,Saint Louis
Saint Louis,63114,Saint Louis
Saint Louis City,63115,Saint Louis
Saint Louis City,63116,Saint Louis
Saint Louis,63117,Saint Louis
Saint Louis City,63118,Saint Louis
Saint Louis,63119,Saint Louis
Saint Louis City,63120,Saint Louis
Saint Louis,63121,Saint Louis
Saint Louis,63122,Saint Louis
Saint Louis,63123,Saint Louis
Saint Louis,63124,Saint Louis
Saint Louis,63125,Saint Louis
Saint Louis,63126,Saint Louis
Saint Louis,63127,Saint Louis
Saint Louis,63128,Saint Louis
Saint Louis,63129,Saint Louis
Saint Louis,63130,Saint Louis
Saint Louis,63131,Saint Louis
Saint Louis,63132,Saint Louis
Saint Louis,63133,Saint Louis
Saint Louis,63134,Saint Louis
Saint Louis,63135,Saint Louis
Saint Louis,63136,Saint Louis
Saint Louis,63137,Saint Louis
Saint Louis,63138,Saint Louis
Saint Louis City,63139,Saint Louis
Saint Louis,63140,Saint Louis
Saint Louis,63141,Saint Louis
Saint Louis,63143,Saint Louis
Saint Louis,63144,Saint Louis
Saint Louis,63145,Saint Louis
Saint Louis,63146,Saint Louis
Saint Louis City,63147,Saint Louis
Saint Louis City,63150,Saint Louis
Saint Louis,63151,Saint Louis
Saint Louis City,63155,Saint Louis
Saint Louis City,63156,Saint Louis
Saint Louis City,63157,Saint Louis
Saint Louis City,63158,Saint Louis
Saint Louis City,63160,Saint Louis
Saint Louis City,63163,Saint Louis
Saint Louis City,63164,Saint Louis
Saint Louis City,63166,Saint Louis
Saint Louis,63167,Saint Louis
Saint Louis City,63169,Saint Louis
Saint Louis City,63171,Saint Louis
Saint Louis City,63177,Saint Louis
Saint Louis City,63178,Saint Louis
Saint Louis City,63179,Saint Louis
Saint Louis City,63180,Saint Louis
Saint Louis City,63182,Saint Louis
Saint Louis City,63188,Saint Louis
Saint Louis City,63195,Saint Louis
Saint Louis City,63196,Saint Louis
Saint Louis City,63197,Saint Louis
Saint Louis,63198,Saint Louis
Saint Louis City,63199,Saint Louis
Cole,65109,Saint Martins
Sainte Genevieve,63673,Saint Mary
Clark,63466,Saint Patrick
Saint Charles,63366,Saint Paul
Saint Charles,63303,Saint Peters
Saint Charles,63304,Saint Peters
Saint Charles,63376,Saint Peters
Pulaski,65584,Saint Robert
Cole,65076,Saint Thomas
Sainte Genevieve,63670,Sainte Genevieve
Dent,65560,Salem
Saline,65349,Saline City
Chariton,65281,Salisbury
Saline,65351,Salt Pond
Ralls,63462,Salt River
Scotland,63563,Sand Hill
Moniteau,65046,Sandy Hook
Monroe,65282,Santa Fe
Boone,65203,Sapp
Saint Louis,63126,Sappington
Saint Louis,63127,Sappington
Saint Louis,63128,Sappington
Jasper,64862,Sarcoxie
Andrew,64485,Savannah
Ralls,63467,Saverton
Vernon,64783,Schell City
Saint Charles,63332,Schluersburg
Cole,65101,Schubert
Bollinger,63764,Scopus
Jasper,64836,Scotland
Scott,63780,Scott City
Pettis,65301,Sedalia
Pettis,65302,Sedalia
Bollinger,63781,Sedgewickville
Barry,65745,Seligman
Dunklin,63876,Senath
Newton,64865,Seneca
Perry,63775,Sereno
Webster,65746,Seymour
Dent,65560,Shannondale
Saline,65349,Sharon
Boone,65202,Shaw
Shelby,63468,Shelbina
Shelby,63469,Shelbyville
Vernon,64784,Sheldon
Barry,65747,Shell Knob
Worth,64486,Sheridan
Saint Louis,63021,Sherman
Adair,63559,Shibleys Point
Wayne,63963,Shook
Saint Louis,63119,Shrewsbury
Jackson,64088,Sibley
Sullivan,63544,Sidney
Scott,63801,Sikeston
Lincoln,63377,Silex
Wayne,63934,Silva
Wayne,63964,Silva
Taney,65616,Silver Dollar City
Perry,63775,Silver Lake
Texas,65483,Simmons
Nodaway,64487,Skidmore
Polk,65613,Slagle
Saline,65349,Slater
Dent,65560,Sligo
Jasper,64834,Smithfield
Pettis,65350,Smithton
Clay,64089,Smithville
Chariton,65286,Snyder
Texas,65564,Solo
Sullivan,63556,Sorrell
Ozark,65773,Souder
Howell,65776,South Fork
Macon,63549,South Gifford
Dade,65752,South Greenfield
Marion,63461,South River
Saint Charles,63301,South Shore
Carter,63965,South Van Buren
McDonald,64863,South West City
Marion,63401,Spalding
Saint Louis,63138,Spanish Lake
Christian,65753,Sparta
Cooper,65233,Speed
Adair,63501,Sperry
Grundy,64679,Spickard
Christian,65754,Spokane
Franklin,63080,Spring Bluff
Cole,65032,Spring Garden
Adair,63501,Spring Lake
Christian,65721,Springfield
Webster,65742,Springfield
Greene,65801,Springfield
Greene,65802,Springfield
Greene,65803,Springfield
Greene,65804,Springfield
Greene,65805,Springfield
Greene,65806,Springfield
Greene,65807,Springfield
Greene,65808,Springfield
Greene,65809,Springfield
Greene,65810,Springfield
Greene,65814,Springfield
Greene,65817,Springfield
Greene,65890,Springfield
Greene,65898,Springfield
Greene,65899,Springfield
Pettis,65301,Springfork
Washington,63660,Springtown
Douglas,65755,Squires
Adair,63559,Stahl
Gentry,64489,Stanberry
Franklin,63079,Stanton
Newton,64866,Stark City
Montgomery,65069,Starkenburg
Callaway,65077,Steedman
Pemiscot,63877,Steele
Crawford,65565,Steelville
Iron,65566,Steelville
Lewis,63447,Steffenville
Newton,64867,Stella
Boone,65202,Stephens
Carroll,64680,Stet
Dekalb,64490,Stewartsville
Cedar,65785,Stockton
Jasper,64801,Stones Corner
Washington,63660,Stoney Point
Franklin,63068,Stony Hill
Bates,64752,Stotesbury
Lawrence,65756,Stotts City
Laclede,65567,Stoutland
Monroe,65283,Stoutsville
Morgan,65078,Stover
Greene,65757,Strafford
Franklin,63080,Strain
Cass,64090,Strasburg
Jasper,64834,Stringtown
Monroe,65275,Strother
Bollinger,63782,Sturdivant
Boone,65284,Sturgeon
Adair,63546,Sublette
Texas,65570,Success
Jackson,64054,Sugar Creek
Franklin,63080,Sullivan
Jefferson,63052,Sulphur Springs
Maries,65013,Summerfield
Texas,65571,Summersville
Chariton,64681,Sumner
Camden,65079,Sunrise Beach
Saint Louis,63127,Sunset Hills
Pulaski,65572,Swedeborg
Saline,65351,Sweet Springs
Gasconade,65041,Swiss
Ozark,65760,Sycamore
Morgan,65354,Syracuse
Bates,64780,Taberville
New Madrid,63878,Tallapoosa
Taney,65759,Taneyville
Buchanan,64448,Taos
Cole,65101,Taos
Atchison,64491,Tarkio
Pike,63334,Tarrants
Marion,63471,Taylor
Callaway,65080,Tebbetts
Ozark,65760,Tecumseh
Shannon,65438,Teresita
Oregon,65791,Thayer
Ozark,65761,Theodosia
Randolph,65244,Thomas Hill
Shannon,65438,Thomasville
Audrain,65285,Thompson
Ozark,65762,Thornfield
Washington,63674,Tiff
McDonald,64868,Tiff City
Henry,64735,Tightwad
Dent,65560,Timber
Saint Louis,63025,Times Beach
Carroll,64682,Tina
Moniteau,65081,Tipton
Lewis,63452,Tolona
Saint Louis,63011,Town and Country
Saint Louis,63017,Town and Country
Saint Louis,63131,Town and Country
Platte,64079,Tracy
Warren,63378,Treloar
Grundy,64683,Trenton
Clinton,64492,Trimble
Chariton,65286,Triplett
Lincoln,63379,Troy
Warren,63383,Truesdail
Warren,63383,Truesdale
Lincoln,63381,Truxton
Dallas,65764,Tunas
Greene,65765,Turners
Clinton,64493,Turney
Miller,65082,Tuscumbia
Saint Louis,63021,Twin Oaks
Saint Louis,63088,Twin Oaks
Texas,65464,Tyrone
Texas,65483,Tyrone
Ozark,65766,Udall
Miller,65083,Ulman
Franklin,63084,Union
Christian,65610,Union City
Dekalb,64494,Union Star
Perry,63783,Uniontown
Putnam,63565,Unionville
Jackson,64063,Unity Village
Jackson,64064,Unity Village
Jackson,64065,Unity Village
Saint Louis,63105,University City
Saint Louis,63124,University City
Saint Louis,63130,University City
Dallas,65767,Urbana
Randolph,65270,Urbandale
Henry,64788,Urich
Livingston,64686,Utica
Jefferson,63020,Valles Mines
Saint Francois,63087,Valles Mines
Johnson,65336,Valley City
Saint Louis,63088,Valley Park
Carter,63965,Van Buren
Osage,65058,Vancleve
Audrain,63382,Vandalia
Audrain,65265,Vandiver Village
Scott,63784,Vanduser
Douglas,65768,Vanzant
Saint Louis,63121,Velda Village Hills
Pike,63334,Vera
Lawrence,65769,Verona
Morgan,65084,Versailles
Iron,65566,Viburnum
Maries,65580,Vichy
Maries,65582,Vienna
Saint Louis,63042,Vigus
Franklin,63089,Villa Ridge
Camden,65049,Village of Four Seasons
Clay,64118,Village of Oakview
Lawrence,65756,Vineyard
Saint Louis,63114,Vinita Park
Barry,65747,Viola
Saint Clair,64789,Vista
Iron,63675,Vulcan
Jasper,64869,Waco
Callaway,65043,Wainwright
Carroll,64687,Wakenda
Platte,64092,Waldron
Vernon,64790,Walker
Greene,65770,Walnut Grove
Taney,65771,Walnut Shade
Wayne,63966,Wappapello
Pemiscot,63879,Wardell
Cole,65101,Wardsville
Johnson,64093,Warrensburg
Warren,63383,Warrenton
Benton,65355,Warsaw
Saint Louis,63122,Warson Woods
Barry,65772,Washburn
Franklin,63090,Washington
Ozark,65773,Wasola
Atchison,64496,Watson
Lafayette,64096,Waverly
Clark,63472,Wayland
Pulaski,65583,Waynesville
Dekalb,64497,Weatherby
Platte,64152,Weatherby Lake
Platte,64153,Weatherby Lake
Hickory,65774,Weaubleau
Jasper,64870,Webb City
Saint Louis,63119,Webster Groves
Macon,63558,Wein
Sainte Genevieve,63670,Weingarten
Saint Charles,63304,Weldon Spring
Saint Charles,63304,Weldon Spring Heights
Lafayette,64097,Wellington
Saint Louis City,63112,Wellston
Saint Louis,63133,Wellston
Montgomery,63384,Wellsville
Lawrence,64873,Wentworth
Saint Charles,63385,Wentzville
Crawford,65586,Wesco
Saint Charles,63386,West Alton
Saint Louis,63146,West County
Marion,63401,West Ely
Shannon,65466,West Eminence
Cass,64734,West Line
Howell,65775,West Plains
Howell,65776,West Plains
Marion,63471,West Quincy
Atchison,64498,Westboro
Platte,64098,Weston
Osage,65085,Westphalia
Hickory,65779,Wheatland
Barry,64874,Wheaton
Livingston,64688,Wheeling
Benton,65355,Whitakerville
Johnson,65305,Whiteman Air Force Base
Dunklin,63880,Whiteoak
Lincoln,63387,Whiteside
Cape Girardeau,63785,Whitewater
Saint Louis,63005,Wildwood
Saint Louis,63011,Wildwood
Saint Louis,63021,Wildwood
Saint Louis,63025,Wildwood
Saint Louis,63038,Wildwood
Saint Louis,63040,Wildwood
Franklin,63069,Wildwood
Greene,65781,Willard
Callaway,63388,Williamsburg
Lewis,63473,Williamstown
Wayne,63967,Williamsville
Adair,63546,Willmathsville
Howell,65793,Willow Springs
Boone,65039,Wilton
Saint Louis,63011,Winchester
Saint Louis,63021,Winchester
Henry,65360,Windsor
Dallas,65783,Windyville
Lincoln,63389,Winfield
Sullivan,63566,Winigan
Shannon,65588,Winona
Daviess,64689,Winston
Buchanan,64484,Winthrop
Benton,65355,Wisdom
Marion,63401,Withers Mill
Marion,63461,Withers Mill
Perry,63748,Wittenberg
Mississippi,63881,Wolf Island
Madison,63645,Womack
Clay,64024,Wood Heights
Marion,63461,Woodland
Boone,65256,Woodlandville
Monroe,65263,Woodlawn
Boone,65279,Woodlinville
Saint Louis,63134,Woodson Terrace
Macon,65247,Woodville
Cooper,65287,Wooldridge
Worth,64499,Worth
Putnam,63567,Worthington
Warren,63390,Wright City
Clark,63474,Wyaconda
Mississippi,63882,Wyatt
Adair,63501,Yarrow
Randolph,65257,Yates
Adair,63559,Youngstown
Perry,63775,Yount
Texas,65589,Yukon
Bollinger,63787,Zalma
Ozark,65784,Zanoni
Sainte Genevieve,63670,Zell
